id,mean,variance
1,1.931486752136752,0.41260988858517783
2,1.347483505154639,0.19689553271761073
3,5.0,0.0
4,3.8206157894736843,1.8586704023822704
5,3.9305327586206893,1.8743123163406656
6,3.7002866666666674,1.486221007822222
7,2.211463425925926,2.1027346674123373
8,2.1409192982456138,2.5221564510310865
